;Sequence;Target_Decoy;score
0;VAPAPARPSGPSK;target;9.505831718
1;VAPAPARPSGPSK;target;9.412774086
2;MHAPPINMESVHMK;target;0.642282665
3;MHAPPINMESVHMK;target;0.804148436
4;VSETEVFTHQK;decoy;0.136525631
5;MHAPPINMESVHMK;target;0.076567367
6;FSTETTFLVDK;target;1.094385266
7;MVLLAAAVC(Carbamidomethyl)TK;target;0.086737558
8;MVLLAAAVC(Carbamidomethyl)TK;target;0.783603847
9;VSETEVFTHQK;decoy;0.126094297
10;VAPAPARPSGPSK;target;0.230425
11;M(Oxidation)VLLAAAVC(Carbamidomethyl)TK;target;0.170227632
12;M(Oxidation)VLLAAAVC(Carbamidomethyl)TK;target;0.107368767
13;M(Oxidation)VLLAAAVC(Carbamidomethyl)TK;target;0.217439353
14;LTELDELINSNK;decoy;0.265810013
15;QHTFVETESVR;target;0.919107974
16;QHTFVETESVR;target;0.098411612
17;QHTFVETESVR;target;0.073129877
18;MHAPPINM(Oxidation)ESVHM(Oxidation)K;target;0.082967676
19;VSETEVFTHQK;decoy;0.186484605
20;VTQVDGNSPVR;target;16.15066528
21;LHVENEDK;target;0.131031588
22;VSETEVFTHQK;decoy;0.257368177
23;MVLLAAAVC(Carbamidomethyl)TK;target;0.233630598
24;ENVNLAQIR;target;0.968039453
25;YVYQPMEK;target;0.045730349
26;QHTFVETESVR;target;0.072298959
27;LVGVDSNVPFSK;decoy;0.111031115
28;QHTFVETESVR;target;0.166283637
29;MHVSEM(Oxidation)NIPPAHM(Oxidation)K;decoy;0.833442807
30;VTQVDGNSPVR;target;1.850869656
31;TFTEM(Oxidation)DSHEEK;target;0.961477339
32;MVLLAAAVC(Carbamidomethyl)TK;target;0.198235139
33;M(Oxidation)VLLAAAVC(Carbamidomethyl)TK;target;0.821616232
34;IQALNVNER;decoy;4.954604149
35;LHVENEDK;target;0.056653954
36;M(Oxidation)VLLAAAVC(Carbamidomethyl)TK;target;0.731321931
37;MHAPPINM(Oxidation)ESVHM(Oxidation)K;target;0.145856887
38;DVLFTTETSFR;decoy;0.019722562
39;LHVENEDK;target;0.05541078
40;ENVNLAQIR;target;0.910673261
41;SFPVNSDVGVLK;target;0.953374684
42;LHVENEDK;target;0.075464226
43;ENVNLAQIR;target;0.868169904
44;VAPAPARPSGPSK;target;0.189399943
45;ADIVPLC(Carbamidomethyl)WELTNR;decoy;0.149596438
46;VPSNGDVQTVK;decoy;1.227146029
47;ITLTC(Carbamidomethyl)GR;target;0.850720108
48;QHTFVETESVR;target;0.054690436
49;TVQINC(Carbamidomethyl)YNK;decoy;0.080725178
50;DGGLQNMELHGMIMLR;target;0.899381459
51;QHTFVETESVR;target;14.21875381
52;ADIVPLC(Carbamidomethyl)WELTNR;decoy;0.044869445
53;VTQVDGNSPVR;target;1.452758431
54;TVQINC(Carbamidomethyl)YNK;decoy;0.033420198
55;MHAPPINMESVHMK;target;1.011227489
56;DVLFTTETSFR;decoy;0.080075212
57;ITLTC(Carbamidomethyl)GR;target;0.133538365
58;TMEVFQR;decoy;0.032294538
59;MVLLAAAVC(Carbamidomethyl)TK;target;0.812674463
60;MHAPPINMESVHM(Oxidation)K;target;0.874008179
61;MHAPPINMESVHM(Oxidation)K;target;0.024988081
62;LMIMGHLEM(Oxidation)NQLGGDR;decoy;0.744760036
63;MHVSEMNIPPAHM(Oxidation)K;decoy;0.914301932
64;ITLTC(Carbamidomethyl)GR;target;0.916499734
65;C(Carbamidomethyl)YEPIVR;decoy;0.72998029
66;NYC(Carbamidomethyl)NIQVTK;target;11.38190365
67;TVQINC(Carbamidomethyl)YNK;decoy;0.95889622
68;NYC(Carbamidomethyl)NIQVTK;target;1.036303163
69;FSTETTFLVDK;target;0.122929268
70;SFPVNSDVGVLK;target;1.536290526
71;LVGVDSNVPFSK;decoy;0.103165627
72;LVGVDSNVPFSK;decoy;0.158516124
73;TC(Carbamidomethyl)VAAALLVM;decoy;0.026473101
74;VPSNGDVQTVK;decoy;0.852378845
75;DVLFTTETSFR;decoy;0.160659656
76;NTLEWC(Carbamidomethyl)LPVIDAK;target;0.051542494
77;ADIVPLC(Carbamidomethyl)WELTNR;decoy;0.474459738
78;TFTEMDSHEEK;target;0.307769209
79;TFTEMDSHEEK;target;0.415597558
80;DVNPHTQLQVGK;decoy;1.037908792
81;TC(Carbamidomethyl)VAAALLVM;decoy;0.011227876
82;NSNILEDLETLR;target;0.066490017
83;ADIVPLC(Carbamidomethyl)WELTNR;decoy;0.089842774
84;TMEVFQR;decoy;0.292343169
85;TC(Carbamidomethyl)VAAALLVM;decoy;0.733777225
86;TVQINC(Carbamidomethyl)YNK;decoy;1.131408691
87;DVLFTTETSFR;decoy;1.282285452
88;MHAPPINMESVHMK;target;0.156403825
89;TVQINC(Carbamidomethyl)YNK;decoy;0.59632045
90;MHAPPINM(Oxidation)ESVHM(Oxidation)K;target;0.120819248
91;VAPAPARPSGPSK;target;2.290242672
92;M(Oxidation)VLLAAAVC(Carbamidomethyl)TK;target;0.139589652
93;QHTFVETESVR;target;0.285287797
94;VSETEVFTHQK;decoy;0.13977465
95;TMEVFQR;decoy;0.278064281
96;VSETEVFTHQK;decoy;0.137127787
97;VTQVDGNSPVR;target;0.731884897
98;TC(Carbamidomethyl)VAAALLVM;decoy;0.058554128
99;ITLTC(Carbamidomethyl)GR;target;0.095953099
100;TFTEMDSHEEK;target;0.9591465
101;VTQVDGNSPVR;target;0.127076924
102;DVNPHTQLQVGK;decoy;0.26224494
103;IQALNVNER;decoy;0.8224774
104;MVLLAAAVC(Carbamidomethyl)TK;target;0.222200438
105;MVLLAAAVC(Carbamidomethyl)TK;target;0.243717521
106;LTELDELINSNK;decoy;3.30115056
107;NSNILEDLETLR;target;0.025732039
108;TC(Carbamidomethyl)VAAALLVM(Oxidation);decoy;0.020082831
109;MHAPPINMESVHM(Oxidation)K;target;0.159316465
110;IQALNVNER;decoy;0.913675725
111;MHAPPINMESVHM(Oxidation)K;target;0.112621449
112;ADIVPLC(Carbamidomethyl)WELTNR;decoy;0.109870523
113;LM(Oxidation)IMGHLEMNQLGGDR;decoy;1.507788539
114;M(Oxidation)VLLAAAVC(Carbamidomethyl)TK;target;0.059910491
115;SGSLEFSIAGQPNDFFPVQVSFVSK;target;0.029304219
116;VTQVDGNSPVR;target;0.867495477
117;LMIMGHLEMNQLGGDR;decoy;2.922761202
118;VPSNGDVQTVK;decoy;1.969943762
119;LMIMGHLEMNQLGGDR;decoy;1.37051928
120;LTELDELINSNK;decoy;1.881101727
121;FSTETTFLVDK;target;0.058606725
122;VSETEVFTHQK;decoy;0.121682331
123;MHAPPINMESVHMK;target;3.291398048
124;DVLFTTETSFR;decoy;1.002871275
125;FSTETTFLVDK;target;0.684277058
126;TVQINC(Carbamidomethyl)YNK;decoy;0.789598703
127;ADIVPLC(Carbamidomethyl)WELTNR;decoy;1.104090095
128;QFVEMTR;target;0.167055711
129;IEGLLAAFPK;target;1.164714932
130;DGGLQNMELHGMIMLR;target;1.896106243
131;DGGLQNMELHGMIMLR;target;0.033151209
132;MVLLAAAVC(Carbamidomethyl)TK;target;0.07668753
133;NSNILEDLETLR;target;0.913894773
134;DVLFTTETSFR;decoy;0.139257804
135;QHTFVETESVR;target;0.165761515
136;GC(Carbamidomethyl)TLTIK;decoy;0.736330688
137;DGGLQNMELHGMIMLR;target;0.161601916
138;LVGVDSNVPFSK;decoy;2.597699404
139;DVLFTTETSFR;decoy;0.828791082
140;QHTFVETESVR;target;0.143622071
141;DGGLQNMELHGMIMLR;target;0.083155021
142;DGGLQNMELHGMIMLR;target;0.010624835
143;DGGLQNMELHGMIMLR;target;0.045622788
144;MHAPPINM(Oxidation)ESVHM(Oxidation)K;target;0.071785972
145;DGGLQNMELHGMIMLR;target;0.054295681
146;DVNPHTQLQVGK;decoy;0.07770922
147;LMIM(Oxidation)GHLEM(Oxidation)NQLGGDR;decoy;0.750551105
148;GVQLQTHPNVDK;target;0.093086995
149;GC(Carbamidomethyl)TLTIK;decoy;0.101277404
150;DVNPHTQLQVGK;decoy;0.814235926
151;DVNPHTQLQVGK;decoy;0.140172169
152;TC(Carbamidomethyl)VAAALLVM(Oxidation);decoy;0.075913936
153;VAPAPARPSGPSK;target;0.091817312
154;VPSNGDVQTVK;decoy;0.206627503
155;TC(Carbamidomethyl)VAAALLVM(Oxidation);decoy;0.041634426
156;DVNPHTQLQVGK;decoy;0.093249261
157;MVLLAAAVC(Carbamidomethyl)TK;target;0.05391087
158;DGGLQNMELHGM(Oxidation)IM(Oxidation)LR;target;0.775365531
159;TC(Carbamidomethyl)VAAALLVM(Oxidation);decoy;0.299211115
160;TC(Carbamidomethyl)VAAALLVM(Oxidation);decoy;0.056545448
161;VSETEVFTHQK;decoy;0.093461901
162;DGGLQNMELHGM(Oxidation)IM(Oxidation)LR;target;0.031967081
163;LMIM(Oxidation)GHLEM(Oxidation)NQLGGDR;decoy;1.952130318
164;MHAPPINMESVHMK;target;0.260618627
165;TC(Carbamidomethyl)VAAALLVM;decoy;0.04228903
166;M(Oxidation)VLLAAAVC(Carbamidomethyl)TK;target;0.063377753
167;LM(Oxidation)IM(Oxidation)GHLEMNQLGGDR;decoy;0.762738526
168;SVFSVQVPFFDNPQGAISFELSGSK;decoy;0.058299094
169;NTLEWC(Carbamidomethyl)LPVIDAK;target;0.35140565
170;LFTAESLIGLK;target;0.140818238
171;TC(Carbamidomethyl)VAAALLVM;decoy;0.049173426
172;NTLEWC(Carbamidomethyl)LPVIDAK;target;4.668701172
173;LMIM(Oxidation)GHLEM(Oxidation)NQLGGDR;decoy;0.791349947
174;MVLLAAAVC(Carbamidomethyl)TK;target;0.197502583
175;GTNMLKPFAALLGEIR;decoy;0.091453291
176;GTNMLKPFAALLGEIR;decoy;0.042393751
177;DGGLQNMELHGMIM(Oxidation)LR;target;0.132172391
178;LTELDELINSNK;decoy;0.356056869
179;NTLEWC(Carbamidomethyl)LPVIDAK;target;1.476916313
180;LM(Oxidation)IMGHLEM(Oxidation)NQLGGDR;decoy;0.068330429
181;LMIM(Oxidation)GHLEM(Oxidation)NQLGGDR;decoy;0.096821055
182;NSNILEDLETLR;target;0.043707982
183;DGGLQNMELHGMIMLR;target;0.071329728
184;GTNM(Oxidation)LKPFAALLGEIR;decoy;0.218946636
185;MVLLAAAVC(Carbamidomethyl)TK;target;0.031845272
186;SVFSVQVPFFDNPQGAISFELSGSK;decoy;1.195534229
187;SVFSVQVPFFDNPQGAISFELSGSK;decoy;1.149820566
188;SVFSVQVPFFDNPQGAISFELSGSK;decoy;0.115247801
189;MHVSEMNIPPAHMK;decoy;0.97321111
190;LVGVDSNVPFSK;decoy;0.167718187
191;MHAPPINMESVHMK;target;0.016612999
192;VAPAPARPSGPSK;target;0.098705843
193;ADIVPLC(Carbamidomethyl)WELTNR;decoy;0.052718006
194;MVLLAAAVC(Carbamidomethyl)TK;target;0.043027159
195;DVNPHTQLQVGK;decoy;1.072727084
196;LYM(Oxidation)VLITTK;target;0.037877023
197;LYM(Oxidation)VLITTK;target;0.034024633
198;M(Oxidation)VLLAAAVC(Carbamidomethyl)TK;target;0.781184912
199;MVLLAAAVC(Carbamidomethyl)TK;target;0.031847328
200;GTNMLKPFAALLGEIR;decoy;0.061484993
201;DGGLQNMELHGMIM(Oxidation)LR;target;0.186863124
202;YGLAVIEDFAFILDFC(Carbamidomethyl)HESIENEELAR;decoy;0.234702721
203;ENVNLAQIR;target;0.084335871
